question,label
"How many Federally Insured Commercial Banking Institutions will there be at the end of 2017?
",9
"In what month and year will an AI system score an ""impressive win"" over a professional human in Starcraft 2?
",8
"How long until a machine-learning system can take a simple text description and turn it into a program coded in C/Python?
",9
"When will the first exaflop performer appear?
",17
"When will the first law concerning artificial intelligence be passed in the US?
",6
"What will be the thinnest full-functioned smart phone as of Feb 1, 2020?
",16
"When will a commercial venture conduct a successful crewed mission to put one or more humans into orbit?
",7
"By Jan. 1, 2021, how many kilometers of wall will have been constructed?
",11
"When will the Brain Preservation Foundation announce a winner of the currently-outstanding Large Mammal Brain Preservation prize (a pig or larger animal)?
",3
"How many qualified submissions will the first rounds of the General AI Challenge receive?
",6
"By what percent will nondefense research and development funding change in the FY 2018 budget, as compared to the FY 2017 budget?
",12
"How much global solar photovoltaic electricity-generating capacity, in gigawatts, will be in operation by 2020?
",10
"When will the first 115,000 Model 3s be delivered?
",13
"When will Europe have one million electric vehicles?
",4
"How many times will the paper paper describing this experiment be cited by the end of 2017?
",8
"On July 1, 2018, what fraction of California will be listed by the National Drought Monitor as being free of any (D0-D4) form of drought conditions?
",3
"When will machine translation achieve a ""word accuracy score"" comparable to that of professional human translators?
",1
"During the next twelve months (ending on September 1, 2018), what is the lowest value that the Pound will reach relative to the Euro?
",20
"What will be the total amount of the ""total raised"" column of Coinschedule's above-linked chart for ICOs with an ""ended on"" date between Nov. 1 and Nov. 30, inclusive?
",11
"What will be the largest entry in the ""total raised"" column of Coinschedule's above-linked chart for ICOs with an ""ended on"" date between Nov. 1 and Nov. 30, inclusive?
",10
"What will be the opening-market price of a single Bitcoin in US dollars, as listed on coinmarketcap, for Nov. 1, 2017?
",13
"What will be the Bitcoin transaction volume in USD on Nov. 15, 2017?
",16
"What will be the total amount of the ""total raised"" column of Coinschedule's above-linked chart for ICOs with an ""ended on"" date between Oct. 1 and Oct. 31, inclusive?
",14
"What will be the Bitcoin trade volume in USD on October 15, 2017?
",14
"When will be the best date during November to buy an ETH coin?
",2
"What will be the opening-market value of a single Bitcoin, as listed on coinmarketcap, for Oct. 1, 2017?
",15
"What will be the largest entry in the ""total raised"" column of Coinschedule's above-linked chart for ICOs with an ""ended on"" date between Oct. 1 and Oct. 30, inclusive?
",4
"How many iPhones, in millions, will Apple sell in the first quarter of FY2018?
",9
"When will the next gene therapy treatment receive approval from the FDA?
",1
"On November 10, 2017, how many results will it yield?
",1
"What will be the December 24, 2018 closing price per barrel of WTI crude oil, as quoted here?
",3
"How many of the Falcon Heavy's boosters will successfully land?
",14
"Value of the S&P 500 on March 1, 2018
",12
"What will be the opening-market price of a single Bitcoin in US dollars, as listed on coinmarketcap, for Dec. 1, 2018?
",14
"How many US Senate seats will Democrats control after 2018 midterm elections?
",13
"How many United Nations Security Council Resolutions concerning Syria will be vetoed by Russia between 22 April 2018 and 22 August 2018?
",0
"How many missile test events will North Korea conduct in May 2018?
",0
"How many House or Senate Republicans will announce their intentions to retire, seek another office, or otherwise abandon their 2018 re-election campaigns?
",10
"How many earthquakes of magnitude 5 or stronger will occur worldwide in May 2018?
",9
"What will the estimated weekly production rate displayed by Bloomberg's tracker on the 31st of December 2018?
",8
"How many House seats will caucus with Democrats at the start of the 2019 session of Congress?
",12
"How many 'hacking or malware (HACK)' data breaches will Privacy Rights Clearinghouse record in May 2018?
",9
"Evidence for anomalies in neutrino oscillations to grow or fade away?
",11
"What will be the value of the (herein described) ""AI winter index"" at end of 2021?
",5
"When will Leela--or some other self-learning chess engine, along the lines of Alpha Zero--claim the crown and win the official Top Computer Engine Championship (TCEC)?
",5
"Of the 10 major AI companies listed below, as of Oct 21 2018 how many will publicly state a policy not to develop lethal autonomous weapons?
",0
"How many Senate Democrats will vote to confirm Brett Kavanaugh to the Supreme Court?
",1
"So, out of 100 Senate seats, how many will be occupied by women on January 3?
",2
"How many Executive Orders will President Trump have issued, on a weekly basis, prior to 2021 and while he is president?
",8
"Which percentage of Metaculus questions resolving from October 1st to December 31st 2018 (inclusive) will resolve positively?
",8
"Which percentage of Metaculus questions resolving in Q1 2019 will resolve positively?
",4
"How many seats will the EPP get for the EU Parliament election, 2019?
",11
"How many seats will the S&D get for the EU Parliament election, 2019?
",8
"How many seats will the various eurosceptic groups collectively achieve for the EU Parliament election, 2019?
",16
"How much less global warming if the US resumes participation in the Paris Agreement?
",6
"What will the community average log-score be after the resolution of the 500th question on Metaculus?
",10
"What will Bitcoin's network hash rate per second be (in Millions of tera hashes per second) as per the performance rates posted by blockchain.com on 17 November 2019?
",11
"How many views will be shown on the soonest archive.org snapshot of the mentioned page after January 5th 2019 23:59 GMT?
",7
"How many electoral college votes will Donald Trump win in the 2020 Presidential Election?
",9
"What will be the opening-market price of a single Bitcoin in US dollars, as listed on coinmarketcap, for Dec. 1, 2019?
",15
"When will the next vacancy arise for a Justice of the Supreme Court of the United States?
",4
"If Metaculus creates a Patreon account, how much will be pledged after 2 months?
",5
"When will President Trump's current (Dec 2018) government shutdown end?
",13
"When will Astralis stop being the number one ranked CS:GO team?
",3
"How many homicides will there be in London in 2019?
",12
"How many main characters will survive Game of Thrones?
",12
"What will Virtu's Q3 2020 trading income be?
",6
"what will the lowest achieved perplexity on the Penn Treebank dataset be of all pre-trained models in papers accepted to prominent AI conferences in 2019?
",17
"In the Survey of Household Economics and Decisionmaking conducted for the year 2020, what percentage of Americans will say that they could cover an unexpected $400 expense without needing to sell something or borrow money?
",13
"When will the United States national debt reach $25 trillion nominal dollars?
",1
"When will the number of internet users worldwide hit 5 billion for the first time?
",9
"If the US goes into a recession before 2032, how many months will the economic contraction (from peak to trough) last?
",1
"At the next UK general election, how many MPs will be elected who belong to the Independent Group, or some group or party having continuity with it?
",0
"When will Jeremy Corbyn cease to be Leader of the Labour Party?
",6
"What will Metaculus’ total pledged monthly support be on Patreon on its halfaversary?
",4
"This question asks: How many of the Falcon Heavy's boosters will successfully land after the second flight of the Falcon Heavy?
",20
"If the UK participates in the 2019 European Parliament elections, what percentage of the UK popular vote will be won by the Brexit Party?
",7
"What percentage of the Mueller report will be unredacted in its initial release by Barr's Department of Justice?
",18
"What will be the average, unweighted IMDB score across all season 4 episodes, one week after the final episode of season 4 of The Expanse has been made available?
",14
"When will William Barr leave his job as Attorney General of the United States?
",17
"What will be the best sales rank number in 2019 for the book Cosmological Koans?
",13
"How many civilians will be killed in Syria in September 2019, according to the Syrian Network for Human Rights (SNHR)?
",2
"On what date will Steven Universe: The Movie first air?
",1
"How many People's Party of Canada candidates will be elected to Parliament in the upcoming 2019 general election?
",0
"What percent of ArXiv AI publications in the calendar year 2019 will be in the subcategory “Computation and Language”?
",12
"How many AI papers will be published on ArXiv in the calendar year 2019?
",10
"When will the James Webb Space Telescope be launched?
",2
"When will the product of the median of the community's predictions for ""By 2100 will the human population decrease by at least 10% during any period of 5 years?"" and ""If a global catastrophe occurs, will it be due to an artificial intelligence failure-mode?"" first leave the range [5.83%, 19.85%]?
",1
"When will the first organ from a non-primate be successfully transplanted into a human?
",3
"At 00:00 UTC on August 25th of 2021, what will be the network capacity of the lightning network on the Bitcoin (BTC) blockchain, as measured in units of Bitcoin, as reported by bitcoinvisuals.com?
",7
"If Donald J. Trump is impeached by the U.S. House of Representatives, how many articles of impeachment will be brought to the U.S. Senate?
",4
"What will be the interest score of this question when it resolves on the 3rd of October 2019?
",4
"How many Republican U.S. senators will vote to convict on at least one article of impeachment, if Trump is impeached by the House during his first term?
",1
"What will the upper limit in the IPCC's assessed 'likely' range of equilibrium climate sensitivity, in its sixth Assessment Report?
",10
"What will the average global atmospheric CO₂ concentration be, over the 2020 to 2021 period (inclusive)?
",17
"What will be the market capitalisation, in billions of US dollars, of Virgin Galactic, ticker symbol SPCE, six months after it is listed on the stock market?
",15
"How many Starlink satellites will be in orbit and operational on the 1st of July 2020?
",14
"How many seats in Parliament will be won by members of the Conservative and Unionist Party in the next UK general election?
",12
"How many seats will the Labour and Co-operative Parties win in the next UK general election?
",7
"When will Metaculus be linked to by 130 websites, according to Alexa analytics results?
",5
"How large will the largest single grant made by Open Philanthropy in 2020 be, in 2020 dollars?
",10
"Who will win the 'Greatest of All Time' Jeopardy tournament with Ken Jennings, Brad Rutter, and James Holzhauer?
",5
"How impeached will Trump be?
",9
"How much will Star Wars: The Rise of Skywalker make in its opening weekend?
",8
"How many candidates will get at least 15% of votes in the 2020 Iowa Democratic caucuses?
",10
"In the 2020 PhilPapers Survey, what percentage of respondents will ""accept"" or ""lean toward"" veganism regarding the permissibility in ordinary circumstances of eating animals and animal products?
",4
"In the 2020 PhilPapers Survey, what percentage of respondents will ""accept"" or ""lean toward"" the many-worlds interpretation of quantum mechanics?
",4
"In the 2020 PhilPapers Survey, what percentage of respondents will ""accept"" or ""lean toward"" genetic engineering being permissible?
",13
"In the 2020 PhilPapers Survey, what percentage of respondents will ""accept"" or ""lean toward"" the view that future AI systems will be conscious?
",8
"In the 2020 PhilPapers Surveys what percentage of respondents will ""accept"" or ""lean toward: yes"" on race being biological, as opposed to being social or unreal?
",4
"In the 2020 PhilPapers Surveys what percentage of respondents will ""accept"" or ""lean toward: yes"" on choosing immortality?
",9
"In the 2020 PhilPapers Surveys what percentage of respondents will ""accept"" or ""lean toward: yes"" on destructive mind uploading resulting in the ""death"" of the person being uploaded?
",11
"In second edition of the Animal Protection Index planned for release in 2020, how many countries will be listed with B or A grades on the indicator for ""Formal Recognition of Animal Sentience""?
",5
"How many cyberattacks by Iran against US Govt. systems in Q1 2020?
",1
"How many Electoral College votes will the official nominee of the Democratic Party receive in the 2020 presidential election?
",12
"When will Trikafta become available for Cystic Fibrosis patients on the NHS (England)?
",2
"How many judges will the United States Senate Confirm in 2020?
",8
"What will the global weighted-average levelized cost of energy of utility-scale solar PV be in 2020, in 2018 USD per kWh?
",8
"How many people will die as a result of the 2019 novel coronavirus (COVID-19) before 2021?
",16
"How many total confirmed cases of coronavirus (2019-nCoV) will be reported by Johns Hopkin's CSSE at 11:00 AM GMT on February 3rd?
",9
"How many geoengineering-related papers will be published in the year 2020?
",6
"How many contests will Bernie Sanders win in the 2020 Democratic Primaries?
",4
"How many total confirmed cases of coronavirus (2019-nCoV) will be reported by Johns Hopkins CSSE at 11:00 AM GMT on February the 17th?
",11
"How many new electric vehicles will be registered worldwide, in the calendar year 2020?
",5
"What will the global weighted-average levelized cost of energy of onshore wind be in 2020, in 2018 USD per kWh?
",9
"When will Beyond Chicken be available from a Grocery Store?
",4
"How many total confirmed cases of coronavirus (2019-nCoV) will be reported by Johns Hopkin's CSSE at 11:00 AM GMT on March the 2nd?
",8
"How many total confirmed cases of coronavirus (2019-nCoV) will be reported outside of mainland China, by Johns Hopkins CSSE at 11:00 AM GMT on March the 2nd?
",13
"How many posts will there be on the Effective Altruism Forum in 2020?
",11
"How many total (cumulative) confirmed total cases of COVID-2019 be reported in the location with the most cases outside of Mainland China, on March the 27th at 10 AM GMT, according to Johns Hopkins?
",18
"How much higher will the annual mean surface air temperature be in 2020, relative to the 1951-1980 base period?
",12
"How many total confirmed cases of novel coronavirus will be reported in the WHO East Mediterranean region by March 27?
",15
"How many total confirmed cases of novel coronavirus will be reported in the WHO African region by March 27?
",5
"How many total confirmed cases of novel coronavirus will be reported in the WHO European region by March 27?
",10
"What will the lower limit in the IPCC's ‘likely’ range of its climate sensitivity estimate be, in its sixth Assessment Report?
",14
"How many total confirmed cases of novel coronavirus will be reported in the WHO South-East Asia Region by March 27?
",2
"How many total confirmed cases of novel coronavirus will be reported in the WHO Region of the Americas by March 27?
",8
"How many total confirmed cases of novel coronavirus will be reported in the WHO Western Pacific Region, outside of China and Taiwan, by March 27?
",6
"What proportion of novel coronavirus infections outside China by March 27 will be due to exposure in China?
",2
"If the total estimated number of novel coronavirus cases before 2021 exceeds 100 million, how many people will die before January 1, 2021?
",12
"How many (cumulative) total confirmed cases of COVID-2019 in Europe will be reported on April the 27th at 10 AM GMT, by Johns Hopkins?
",20
"How many (cumulative) total cases of COVID-2019 in the United States will be reported on April the 27th at 10 AM GMT by Johns Hopkins?
",19
"How many (cumulative) total confirmed cases of COVID-2019 will be reported in South Korea on March the 27th at 10 AM GMT by Johns Hopkins?
",9
"How many (cumulative) total confirmed cases of coronavirus in San Francisco will be reported by Johns Hopkins CSSE on April 1st, 2020?
",10
"How many (cumulative) total confirmed cases of COVID-2019 will be reported in the location with the most ongoing cases outside of Mainland China, on April the 27th at 10 AM GMT, according to Johns Hopkins?
",16
"How many cumulative confirmed cases of coronavirus in the entire Bay Area will be reported by Johns Hopkins CSSE on April 1st, 2020?
",1
"What will be the ratio of fatalities to total estimated infections for COVID-19 by the end of 2020?
",7
"How many active Airbnb listings will there be in London on the 1st of April of 2020?
",9
"How many active Airbnb listings will there be in Paris on the 1st of April of 2020?
",9
"How many active Airbnb listings will there be in Beijing on the 1st of April of 2020?
",10
"How many (cumulative) total confirmed cases of COVID-2019 will be reported in the United Kingdom on March the 27th at 10 AM GMT by Johns Hopkins?
",14
"How many COVID-19 cases in the US federal legislature will be publicly reported before 2021?
",2
"When will the Dow Jones Industrial Average next close at a level of at least 29,551.42 points, the all-time high closing value previously achieved on February 12 2020?
",8
"How many new cases of COVID-19 in the 2nd quarter of 2020?
",14
"How many new cases of COVID-19 in the 3rd quarter of 2020?
",15
"How many new cases of COVID-19 in the 4th quarter of 2020?
",16
"How many new cases of COVID-19 in the 1st quarter of 2021?
",16
"When will L3 autonomous vehicles be commercially available?
",1
"When will L4 autonomous vehicles be commercially available?
",1
"When (UTC) will John Hopkins' CSSE first record the total cases within mainland China as less than half the total worldwide cases? I.e. when would John Hopkins' CSSE first record cases outside mainland China surpassing cases within mainland China?
",5
"Which month of 2020 will see the biggest global increase of COVID-19 cases?
",20
"What will be the lowest closing value for the Dow Jones Industrial Average before it reaches a new all-time record high close?
",15
"On 12:00 am on the 20th of January 2021 (UTC), what will the average log score of the community prediction (at question closing time) be for COVID-19-related binary questions?
",2
"On December 31 2020, what will the official ICE exchange Brent Crude oil closing price be?
",6
"How many infections of COVID-19 confirmed by testing will be reported before 2021?
",15
"How many (cumulative) total confirmed cases of COVID-19 will be reported in the Netherlands on April the 27th at 10 AM GMT the RIVM?
",1
"When will Qatar hold its first legislative election?
",2
"How many human infections of the 2019 novel coronavirus (COVID-19) will be estimated to have occurred before 2021, worldwide?
",2
"How many US state governors, members of the Supreme Court, and members of Congress will die from COVID-19 in 2020?
",0
"When will a vaccine targeted at the 2019 novel coronavirus (Covid-19) be administered to at least 10M people?
",3
"For the month of April 2020, what will the US Bureau of Labor Statistics report as the preliminary monthly nonfarm payroll number?
",4
"When will the total number of confirmed COVID-19 cases reach 1 million?
",5
"How many (cumulative) total confirmed cases of COVID-2019 will be reported in the United Kingdom on April the 27th at 10 AM GMT according to reliable sources?
",10
"How many human infections of the 2019 novel coronavirus (COVID-19) will be estimated to have occurred before 2021, worldwide?
",16
"What will the quarter-on-quarter US Q1 2020 GDP growth rate be, according to the US Bureau of Economic Analysis Advance Estimate?
",13
"What will be the US unemployment rate for March 2020?
",5
"What will Washington state’s Department of Revenue report as the 2020 Q1 gross business income?
",9
"What will the Seattle Police Department report as the total number of criminal offenses in March 2020?
",17
"What will be the US unemployment rate for April 2020?
",8
"What will the US Q2 2020 GDP growth rate be, according to the US Bureau of Economic Analysis Advance Estimate?
",2
"For the calendar year 2020, what will be the highest monthly unemployment rate reached in any month?
",8
"What value will the CDC's FluVaxView website report for flu vaccination coverage among adults ≥18 years for the 2020–2021 flu season?
",11
"When will the US unemployment rate fall to 4% or lower for the first time since the COVID-19 crisis of 2020?
",7
"What proportion of House Republican incumbents will be defeated in the 2020 election?
",0
"What proportion of Senate Republican incumbents will be defeated in the 2020 election?
",4
"What proportion of Senate Democratic incumbents will be defeated in the 2020 election?
",2
"What proportion of House Democratic incumbents will be defeated in the 2020 election?
",2
"What will the US unemployment rate be in 2021?
",6
"By what percentage will the CPI increase in 2021?
",15
"what will China's official unemployment rate be for Q1 2021?
",4
"On May 1st, what percentage of Americans will be ""very worried"" that they, someone in their family or someone else they know will become infected with the coronavirus?
",7
"On May 1st, what percentage of Americans will be ""very worried"" about the coronavirus’s effect on the U.S. economy?
",12
"What will the top CPU score be on Passmark on January 1st 2021?
",4
"What will the top GPU score be on Passmark on January 1st 2021?
",6
"What will be the Alexa Traffic Rank for Metaculus.com on January 1st 2022?
",7
"This question asks: When will 10M people be administered a SARS-CoV-2 vaccine candidate that has demonstrated an efficacy rate >75% in a n>500 RCT?
",6
"What will the size of Singapore's total foreign workforce be, for the first month after 2020-12-01 for which data is published?
",10
"When will Disneyland reopen?
",8
"What will the lowest closing price of the S&P 500 be, in 2020?
",20
"How much karma will the top LessWrong post in 2020 have?
",7
"How many deaths related to COVID-19 will be reported, as opposed to estimated, by WHO before 2021?
",9
"For the month of May 2020, what will the US Bureau of Labor Statistics report as the preliminary monthly nonfarm payroll number (in millions)?
",12
"LRT 1.2: As of Saturday May 9, 2020, how many COVID-19 related deaths will have occurred in the US?
",7
"LRT 1.3: As of Saturday May 9, 2020, how many COVID-19 related deaths will have occurred in Illinois?
",7
"LRT 1.4: As of Saturday May 9, 2020, how many COVID-19 related deaths will have occurred in Louisiana?
",4
"LRT 1.5: How many deaths due to COVID-19 will occur in the US in 2020?
",8
"LRT 1.6: When will the daily number of new hospital admissions for COVID-19 illness in New York City drop below 200 for the first time since mid-March?
",5
"When will multi-modal ML out-perform uni-modal ML?
",5
"How many months of 2020 will be declared ""earth's warmest on record"" by NOAA?
",5
"This question asks: What will be the seasonally adjusted US U-6 unemployment rate for May 2020?
",11
"LRT 2.1: What is the number of total confirmed cases in the US that COVID Tracker will have in the daily report this coming Sunday, May 3rd?
",16
"LRT 2.2: As of Monday, April 27th how many total cumulative SARS-CoV-2 infections (including all symptomatic, subclinical, and asymptomatic infections) have there been in the US?
",9
"What will the average number of new daily confirmed Covid-19 cases be, over the period from (and including) May 10th, till (and including) May 16th, in the state of Georgia?
",16
"When will Chicago CTA subway cars reopen for non-essential travel?
",1
"What will the magnitude of most severe earthquake to strike California in 2020 be?
",6
"What will the US employment to population ratio be in May 2020?
",11
"What proportion of 2020 U.S. House of Representatives elections without a running incumbent will be won by Republicans?
",14
"How many structures will be destroyed by wildfires in California in 2020?
",15
"When will the SpaceX Demo-2 launch?
",3
"How much transit activity will there be in New York City in the last week of June?
",4
"How much transit activity will there be in New York City in the last week of July?
",6
"How much transit activity will there be in New York City in the last week of August?
",6
"How much transit activity will there be in New York City in the last week of September?
",7
"How much transit activity will there be in the San Francisco Bay Area in the last week of June?
",4
"How much transit activity will there be in the San Francisco Bay Area in the last week of July?
",4
"How much transit activity will there be in the San Francisco Bay Area in the last week of August?
",4
"How much transit activity will there be in the San Francisco Bay Area in the last week of September?
",4
"What will the top Android phone score be on Passmark on January 1st 2021? [12k - 24k range]
",3
"What will the percentage difference between full time tenure-track and non-tenure track employment in US baccalaureate institutions be in the 2020-2021 school year?
",5
"How many more Starship prototypes (after SN4) will be destroyed before a prototype reaches an altitude of at least 1 km?
",4
"What will the voter turnout be for the US presidential election as a percentage of the voting age population in the United States?
",13
"When will the number of Twitter followers for the account @JoeBiden first be equal to, or greater than, 10% of the number of followers of @realdonaldtrump?
",2
"On January 12, 2021, 4 years after the video was originally uploaded, how many views will Despacito have?
",3
"What will be the difference in July 2020 between the performance of the HFR Women Index and the performance of the HFR 500 Fund-Weighted Composite Index?
",12
"How many episodes of the FiveThirtyEight Politics Podcast will be released in the run-up to the US 2020 presidential election?
",9
"What fraction of the elected seats in the US Congress, following the November 3 election, will be held by women?
",6
"What fraction of the elected seats in the US Congress following the November 3 election, will be held by people of color?
",5
"How long will it take to listen to every episode of the 80,000 Hours Podcast released in 2020?
",6
"Before January 1 2021, how many confirmed Ebola fatalities linked to the Équateur Province outbreak will be reported worldwide?
",6
"How many paid memberships will Netflix have worldwide on December 31st 2020?
",6
"On 31 December 2020, what will the 10:30 AM LBMA Gold price value be, in US dollars per troy ounce?
",9
"What will be the average percentage change in property and casualty insurance premiums in Q1 2021?
",13
"How many total games will be played in the NFL's 2020-2021 regular season?
",18
"How many post-suspension games will be played in the resumed 2019-2020 NBA regular season?
",18
"When will US domestic passenger air travel return to 80% of pre-COVID-19 volumes?
",3
"When will US auto manufacturing recover to 80% of pre-COVID-19 production levels?
",1
"What will the total deal value be of all the US Private Equity deals in billions of US$, in 2020?
",14
"What percentage of US voters will support the Black Lives Matter movement on election day 2020?
",10
"How many total games will be played in the MLB 2020-2021 regular season?
",18
"How many votes will Kanye West receive in the 2020 United States presidential election, if he appears on the presidential election ballot in at least one US state?
",10
"What percentage of seats will Labour hold after the 2020 New Zealand general election?
",11
"What will be the minimum credence Metaculites will give Trump's re-election chances in 2020?
",12
"What will Elon Musk's total net worth be at the end of 2021?
",12
"What will be the popular vote difference in 2020 between the Republican candidate and the highest polling alternative candidate?
",10
"In the 2020 US Presidential election, when will the losing candidate concede?
",17
"What percent of ballots casting votes on Oregon's Psilocybin Program Initiative will vote in favor?
",12
"When will the 7-day moving average of daily confirmed COVID-19 cases first drop below 10% of a previous peak in the US?
",4
"When will the VIX index fall below 20?
",5
"At the end of 2020, how many journals will use the Registered Reports publishing format either as a regular submission option or as part of a single special issue?
",8
"What will US dining activity be in August 2020?
",10
"What will US dining activity be in September 2020?
",12
"When will Blue Origin send a paying customer to space?
",4
"When will a language model meet or exceed the human baseline on SuperGLUE?
",3
"[Short Fuse] When will the global Garmin system outage be resolved?
",9
"What will Toyota Motor Corporation (TM)'s market capitalisation be on January 1st 2021 in billions of US$?
",10
"How many successful faithless electoral votes will there be in the 2020 election?
",0
"When will an individual SpaceX Falcon 9 core stage launch and return to Earth for the tenth time?
",3
"For the month of August 2020, what will the US Bureau of Labor Statistics report as the preliminary monthly nonfarm payroll number (in millions)?
",11
"For the month of September 2020, what will the US Bureau of Labor Statistics report as the preliminary monthly nonfarm payroll number (in millions)?
",9
"For the month of October 2020, what will the US Bureau of Labor Statistics report as the preliminary monthly nonfarm payroll number (in millions)?
",10
"[Metaculus] When will the feature to share private questions go live?
",1
"This question asks, what will be the earliest date after August 7th 2020 in which traviswfisher is no longer the top player?
",1
"What will be the total stock of crude oil and other petroleum products for September 2020?
",15
"What will be the total stock of crude oil and other petroleum products for October 2020?
",15
"What will be the total stock of crude oil and other petroleum products for November 2020?
",14
"What will be the total stock of crude oil and other petroleum products for December 2020?
",10
"What will be the seasonally adjusted CPI-U (less energy and food) for September 2020?
",11
"What will be the seasonally adjusted CPI-U (less energy and food) for October 2020?
",11
"What will be the seasonally adjusted CPI-U % change from October (less energy and food) in November 2020?
",11
"What will be the seasonally adjusted CPI-U (less energy and food) for December 2020?
",11
"How many initial jobless claims will be filed on average (4-week moving average) in September 2020?
",3
"What will be the 5-week average of initial jobless claims filed in October?
",3
"What will be the 4-week average of initial jobless claims filed in November?
",8
"What will the total retail sales including food services be for September 2020?
",15
"What will the total retail sales including food services be for October 2020?
",16
"What will the total retail sales including food services be for November 2020?
",15
"What will the total retail sales including food services be for December 2020?
",9
"What will be the Industrial Production Index number for September 2020?
",12
"What will be the Industrial Production Index number for October 2020?
",14
"What will be the Industrial Production Index number for November 2020?
",14
"What will be the date when Apple ships Macs based on Apple silicon?
",9
"What percentage of absentee ballots returned and submitted for counting in the US 2020 election will be rejected?
",3
"What percent of ballots cast in the 2020 US general election will be cast via early in-person voting?
",7
"What percent of ballots cast in the 2020 US general election will be mail-in or absentee?
",9
"How many ratings will Toby Ord's book The Precipice have on Amazon on January 1st 2021?
",4
"If Trump is not re-elected President, what will the value of the S&P 500 be on January 1, 2021?
",11
"How many deaths that are directly attributed to COVID-19 will occur if no human challenge trials are run before February 5, 2021, in which a SARS-CoV-2 vaccine candidate is administered to at least 80 people?
",12
"If California passes Proposition 22 to classify app-based drivers as independent contractors, what will Uber's adjusted EBITDA for the mobility segment be in Q1 2021?
",6
"What destructiveness rank will LNU Lightning Complex fires reach?
",9
"How many named tropical storms will there be in the 2020 Atlantic hurricane season?
",20
"What will Tesla's GAAP net income be in Q3 2020?
",12
"How many seats will the Australian Greens Party hold in the ACT after the 2020 Territory Election?
",5
"How will Trump's popular vote share compare to FiveThirtyEight's prediction?
",13
"when will it be legal to meet socially in groups larger than six in England?
",17
"What will (seasonally-adjusted, annualized) unemployment insurance payments be in 2020 Q4, in billions of $USD?
",10
"When will the next justice be confirmed to the Supreme Court of the United States?
",4
"Which value will Metaculus least predict?
",20
"What will Tesla's GAAP net income be in Q4 2020?
",13
"What will the Apple Mobility Trends report as the mean level of transit activity in New York City for the week 2020-10-25 through 2020-10-31 (inclusive)?
",7
"What will the Apple Mobility Trends report as the mean level of transit activity in San Francisco — Bay Area for the week 2020-10-25 through 2020-10-31 (inclusive)?
",5
"What will the Apple Mobility Trends report as the mean level of transit activity in Phoenix for the week 2020-10-25 through 2020-10-31 (inclusive)?
",8
"What will the Apple Mobility Trends report as the mean level of transit activity in Phoenix for the week 2020-11-22 through 2020-10-28 (inclusive)?
",7
"What will the Apple Mobility Trends report as the mean level of transit activity in San Francisco — Bay Area for the week 2020-11-22 through 2020-11-28 (inclusive)?
",4
"What will the Apple Mobility Trends report as the mean level of transit activity in New York City for the week 2020-11-22 through 2020-11-28 (inclusive)?
",6
"When will Trump first test negative from COVID-19?
",6
"When will the second US presidential debate take place?
",8
"How many State of AI Report 2020 predictions will be judged true by their authors in the 2021 report?
",12
"How many thousand cattle will be slaughtered in Australia in Q4 2020?
",2
"By how many votes will the losing party fall short of winning control of the Senate in the 2020 Senate elections?
",1
"Which month of 2021 will see the biggest global increase of COVID-19 cases?
",20
"When will be the next S&P 500 correction?
",6
"How many subscribers will /r/sneerclub have on January 1st 2022?
",5
"How many consumer plug-in electric vehicles (PEV) will be sold in the US in 2020?
",12
"How many consumer electric vehicles (including PHEV, HEV and EV) will be sold by Volkswagen group in 2020?
",17
"How many DC Fast public charging outlets/connections will be available in the United States by 2022?
",15
"How many consumer electric vehicles will Tesla sell (units delivered) in 2020?
",16
"What will be the differential in sales between the most-sold and second most-sold consumer electric vehicles in America in 2021?
",6
"How many electric vehicles will Tesla sell (units delivered) in the 2021 calendar year?
",12
"What will the maximum z-score be for Denmark for observed deaths in 2020-2021 according to Euromomo?
",2
"What will the maximum z-score be for Greece for observed deaths in 2020-2021 according to Euromomo?
",3
"What will the maximum z-score be for Hungary for observed deaths in 2020-2021 according to Euromomo?
",6
"Date losing candidate concedes in US election
",18
"What will the US Q4 2020 GDP growth rate be according to the US Bureau of Economic Analysis Advance Estimate?
",8
"How will Donald Trump rank in C-Span's rankings of presidents?
",19
"What will the Apple Mobility Trends report as the mean level of transit activity in New York City for the week 2020-12-20 through 2020-12-26 (inclusive)?
",5
"What will the Apple Mobility Trends report as the mean level of transit activity in Phoenix for the week 2020-12-20 through 2020-12-26 (inclusive)?
",7
"What will the Apple Mobility Trends report as the mean level of transit activity in San Francisco — Bay Area for the week 2020-12-20 through 2020-12-26 (inclusive)?
",2
"What will the Apple Mobility Trends report as the mean level of transit activity the city of Dallas, Texas for the week 2020-11-22 through 2020-11-28 (inclusive)?
",6
"What will the Apple Mobility Trends report as the mean level of transit activity the city of Dallas, Texas for the week 2020-12-20 through 2020-12-26 (inclusive)?
",6
"When will an efficacious COVID-19 vaccine obtain emergency use authorization in the United States?
",9
"For the calendar year 2021, what will be the lowest monthly unemployment rate reached in any month?
",8
"When will 150 million Americans be vaccinated against COVID-19?
",5
"What will the margin of victory be between Kelly Loeffler and Raphael Warnock in the 2020 5 Jan GA Special Election?
",7
"When will the United States reach herd immunity (>230M) for COVID-19?
",10
"What will be the value of C-band spectrum auctioned off by the FCC in Auction 107?
",11
"What will US house prices be at the end of 2021?
",19
"What will the margin of victory be between John Ossoff and David Perdue in the 2020 5 Jan GA (Regular) Runoff Election?
",10
"What will be the total stock of crude oil and other petroleum products for January 2021?
",14
"What will be the seasonally adjusted CPI-U (less energy and food) for January 2021?
",10
"What will be the seasonally adjusted CPI-U (less energy and food) for February 2021?
",11
"What will be the 4-week average of initial jobless claims filed in January 2021?
",19
"What will be the 4-week average of initial jobless claims filed in February 2021?
",17
"What will the total retail sales including food services be for January 2021?
",17
"What will the total retail sales including food services be for February 2021?
",17
"What will be the Industrial Production Index number for February 2021?
",15
"How effective will a second RCT find the most effective regimen of the AstraZeneca SARS-CoV-2 vaccine to be?
",16
"What will be the total stock of crude oil and other petroleum products for February 2021?
",12
"When will a SARS-CoV-2 vaccine be widely available for adults in the United States?
",8
"How many billions of dollars of student loans will the US federal government forgive in 2021?
",11
"How efficacious will the Sputnik V SARS-CoV-2 vaccine be according to the peer reviewed results of the Phase 3 RCT?
",19
"How many DC charging stations will Boulder, CO have by the end 2021?
",5
"How many DC charging stations will Orlando, FL have by the end 2021?
",13
"How much will the SENS research foundation raise in their 2020 end of year fundraiser?
",12
"How many drugs will be approved by the FDA in 2021?
",10
"What will the Mens winning 100m time in the 2020 Olympic Final be?
",11
"What will the Womens winning 100m time in the 2020 Olympic Final be?
",4
"What will be the COVID-19: Government Response Stringency Index for the US be on February 1st 2021?
",15
"What will the the sum of the level of performance (in exaFLOPS) of the all 500 supercomputers in the TOP500 be according to their June 2021 list?
",5
"How many billions of dollars will the US trade deficit be in December 2020?
",12
"What will be the Hue (in angular degrees) of Pantone's Color of the Year for 2022?
",14
"How many Computer Vision and Pattern Recognition e-prints will be published on arXiv over the 2020-12-14 to 2021-06-14 period?
",7
"How many Computation and Language e-prints will be published on arXiv over the 2020-12-14 to 2021-06-14 period?
",9
"What share (in %) of the world's super-compute performance will  United States-based in the June 2021 TOP500 list?
",9
"How many e-prints on AI Safety, Interpretability or Explainability will be published on arXiv over the 2020-12-14 to 2021-06-14 period?
",6
"What will the state-of-the-art performance on semantic segmentation of PASCAL-Context be at 2021-06-14 in mean IoU in percent (MIoU%)?
",6
"What will the state-of-the-art performance on semantic segmentation on Cityscapes be at 2021-06-14 in mean IoU in percent (MIoU%)?
",3
"What will the state-of-the-art performance on image classification on ImageNet be at 2021-06-14 in top-1 accuracy?
",3
"How many e-prints on Few-Shot Learning will be published on arXiv over the 2020-12-14 to 2021-06-14 period?
",8
"How many Reinforcement Learning e-prints will be published on arXiv over the 2020-12-14 to 2021-06-14 period?
",3
"What will the state-of-the-art performance on one-shot image classification on MiniImageNet be, on 2021-06-14, in accuracy?
",6
"What will the value of the herein defined Image Classification Performance Index be on 2021-06-14?
",10
"What will be the total number of confirmed COVID-19 cases globally by the end of 2021?
",7
"What will be the total number of confirmed COVID-19 deaths globally by the end of 2021?
",6
"What will be the total number of confirmed COVID-19 deaths in the U.S. by the end of 2021?
",11
"What will be the total number of COVID-19 vaccine doses purchased by the U.S. as of 30 June 2021?
",10
"How many COVID-19 vaccines will be approved by the U.S. FDA as of 30 June 2021?
",10
"What will the Federal Reserves' Industrial Production Index be for April 2021, for semiconductors, printed circuit boards and related products?
",10
"When will the U.S. lift its Presidential Proclamation restricting travel from the European Schengen Area?
",18
"When will the U.S. rejoin the Paris Climate Agreement?
",3
"What will be the U.S. GDP growth (year on year) at the end of 2021?
",13
"What will the state-of-the-art language modelling performance on WikiText-103 be at 2021-06-14 in perplexity?
",20
"What will the the market cap of MSFT, AAPL, GOOG, FB, AMZN on 31 December 2021 as a percentage of the total S&P500?
",5
"What will be the WTI oil price in December 2021?
",10
"What will be the total number of commercial flights in operation on 30 June 2021?
",12
"What will the combined sector weighting of Information Technology and Communications be, in the S&P 500 on 2021-06-14?
",11
"What will the price of IGM be, on 2021-06-14, in nominal USD?
",15
"What will the state-of-the-art performance on SuperGLUE be on 2021-06-14?
",5
"How many e-prints on multi-modal machine learning will be published on arXiv over the 2020-12-14 to 2021-06-14 period?
",7
"What percent will software and information services contribute to US GDP in Q1 of 2021?
",10
"What will the highest Exact Match rate of the best-performing model on SQuAD2.0 be on 2021-06-14?
",2
"What will the state-of-the-art language text-to-SQL performance on WikiSQL be at 2021-06-14 in logical form test accuracy?
",0
"What will be the total box office gross in the U.S. & Canada in 2021?
",6
"How many excess deaths will the United States experience during COVID-19 (March 8th 2020 through December 31st 2021)?
",15
"What will the value of the herein defined Object Detection Performance Index be on 2021-06-14?
",8
"What will the Apple Mobility Trends report as the mean level of transit activity in New York City for the week 2021-01-24 through 2021-01-30 (inclusive)?
",6
"What will the Apple Mobility Trends report as the mean level of transit activity in San Francisco — Bay Area for the week 2021-01-24 through 2021-01-30 (inclusive)?
",5
"What will the Apple Mobility Trends report as the mean level of transit activity in Phoenix for the week 2021-01-24 through 2021-01-30 (inclusive)?
",8
"What will the Apple Mobility Trends report as the mean level of transit activity the city of Dallas, Texas for the week 2021-01-24 through 2021-01-30 (inclusive)?
",7
"What will the Apple Mobility Trends report as the mean level of transit activity the city of Dallas, Texas for the week 2021-02-21 through 2021-02-27 (inclusive)?
",7
"What proportion of last-round votes will Andrew Yang get in the 2021 New York mayoral primary election?
",0
"For the month of January 2021, what will the US Bureau of Labor Statistics report as the preliminary monthly nonfarm payroll number (in millions)?
",11
"For the month of February 2021, what will the US Bureau of Labor Statistics report as the preliminary monthly nonfarm payroll number (in millions)?
",11
"What will be the average percentage change in property and casualty insurance premiums in Q1 2022?
",9
"What will the US Q1 2021 annualized GDP growth rate be according to the US Bureau of Economic Analysis Advance Estimate?
",12
"How many athletes will have signed the High Impact Athletes giving pledge by the end of 2021?
",0
"How much money will have been donated by HIA athletes by the end of 2021?
",12
"When will FromSoftware release Elden Ring?
",5
"When will US initial jobless claims fall below 300 thousand?
",2
"How much money will be donated to ACE in 2021?
",12
"How much money will ACE estimate to have influenced in 2021?
",13
"How many people in the US between the ages 16-24 will be employed in 2021 (in thousands)?
",9
"How many people 65+ will be employed in the US in 2021 (in thousands)?
",16
"How many people will be employed in the US wholesale and retail industries in 2021 (in thousands)?
",14
"How many people will be employed in the US education industry in 2021 (in thousands)?
",11
"How many people will be employed in the US healthcare/social assistance industry in 2021 (in thousands)?
",13
"How much will Open Philanthropy grant in their focus area of Potential Risks from Advanced Artificial Intelligence in 2021?
",18
"What will the global average Democracy Index score be for 2021?
",11
"How many countries will be considered ""full democracies"" (score higher than 8) by The Economist in 2021?
",11
"How many ratings will Toby Ord's book The Precipice have on Amazon on January 1st 2022?
",9
"What percentage of final round votes will Sadiq Khan win in the 2021 London mayoral election?
",14
"How many federal judges will the US Senate confirm in 2021?
",6
"Maximum number of COVID-19 cases by June 1st
",4
"How many people will be employed in the US manufacturing industry in 2021 (in thousands)?
",14
"By January 14 2022, what will be the maximum compute (measured in petaFLOPS-days), used in training in an AI experiment?
",7
"How much will the average degree of automation change for key US professions from December 2020 to January 2022?
",9
"What will the state-of-the-art language modelling performance on One Billion Word be on 2022-01-14, in perplexity amongst models not trained on additional data?
",17
"What will the value of the herein defined Image Classification Performance Index be on 2022-01-14?
",8
"How many e-prints on AI Safety, Interpretability or Explainability will be published on arXiv over the 2021-01-14 to 2022-01-14 period?
",6
"What will be the number of new incident U.S. adult and pediatric previous day admissions to the hospital with confirmed COVID-19 for the week beginning on 2021-01-24 and ending on 2021-01-30 (inclusive)?
",7
"What will be the total number of new incident deaths due to COVID-19 in the US for the week beginning on 2021-01-24 and ending on 2021-01-30 (inclusive)?
",12
"What will be the number of new incident confirmed positive COVID-19 cases in the US beginning on 2021-01-24 and ending on 2021-01-30 (inclusive)?
",7
"What factor should the median 4-week-ahead COVIDhub Ensemble forecast of national incident deaths made on 4 Jan(a forecast for the 24-30 Jan week) be multiplied by so that it equals the reported number of new US incident deaths?
",9
"What will be the cumulative number of deaths due to COVID-19 on 2021-12-31 if less than 50% of Americans initiate vaccination (1st dose received) with a COVID-19 vaccine by 2021-03-01?
",17
"What will be the percent of B.1.1.7 among all S gene dropout SARS-CoV-2 samples submitted for genomic sequencing surveillance in the US between 2021-02-01 and 2021-02-15?
",10
"When will most people in England be legally able to meet socially in a group of six in public outdoor places?
",13
"When will most people in England be legally able to meet socially in a group of six in private indoor places?
",11
"When will government guidance allow indoor parties of any 100 people in England?
",14
"What will Trump's approval rating be on 18-Jan-2021?
",8
"What will the state-of-the-art language modelling performance on WikiText-103 be at 2022-01-14 in perplexity amongst models not trained on additional data?
",18
"What will the state-of-the-art performance on image classification on ImageNet be at 2022-01-14 in top-1 accuracy amongst models not trained on additional data?
",6
"What will the highest Exact Match rate of the best-performing model on SQuAD2.0 be on 2022-01-14?
",2
"How many e-prints on multi-modal learning will be published on ArXiv over the 2021-12-14 to 2022-01-14 period?
",7
"What will the state-of-the-art performance on one-shot image classification on miniImageNet be, at 2022-01-14 in accuracy amongst models not trained on additional data?
",7
"When will 50% of the US population be vaccinated against Covid-19?
",8
"When will 25% of the US population be vaccinated against Covid-19?
",4
"What will the state-of-the-art performance on semantic segmentation on Cityscapes be at 2022-01-14 in mean IoU in percent (MIoU%) amongst models not trained on additional data?
",5
"What will the highest score be, on Atari 2600 Montezuma's Revenge, by any ML model that is un-augmented with domain knowledge on 2022-01-14?
",0
"What will the value of the herein defined Object Detection  Performance Index be on 2022-01-14?
",7
"What will the the sum of the level of performance (in exaFLOPS) of the all 500 supercomputers in the TOP500 be according to their November 2021 list?
",3
"How many people in the UK will have received a dose of a COVID-19 vaccine by 15th February?
",11
"When will 32 million people in the UK have received a dose of a COVID-19 vaccine?
",5
"What will the combined sector weighting of Information Technology and Communications be, in the S&P 500 on 2022-01-14?
",9
"When will the 7-day rolling average for US COVID-19 deaths drop below 500?
",8
"How many e-prints on Few-Shot Learning will be published on ArXiv over the 2021-01-14 to 2022-01-14 period?
",13
"How many Natural Language Processing e-prints will be published on arXiv over the 2021-01-14 to 2022-01-14 period?
",8
"How many Reinforcement Learning e-prints will be published on arXiv over the 2021-01-14 to 2022-01-14 period?
",7
"How much will the US market of plant-based meat grow in 2021 with respect to the previous year?
",7
"How many Computer Vision and Pattern Recognition e-prints will be published on arXiv over the 2021-01-14 to 2022-01-14 period?
",10
"What percent of total GDP will software and information services contribute to US GDP in Q3 of 2021?
",9
"How will the number of sexually transmitted infections diagnoses in England change from 2019 to 2020, in percent?
",3
"When will the second SpaceX Starship flight be?
",1
"When will the third SpaceX Starship flight be?
",3
"How many emoji related court cases in 2021?
",17
"How many doses of any COVID19 vaccine will have been administered in Germany on 2021-04-01?
",2
"How many million doses of any COVID19 vaccine will have been administered in the EU on 2021-04-01?
",4
"What will be the 4-week average of initial jobless claims filed in March 2021?
",2
"What will be the 5-week average of initial jobless claims filed in April 2021?
",2
"What will be the Industrial Production Index number for March 2021?
",12
"What will be the Industrial Production Index number for April 2021?
",12
"What will be the seasonally adjusted CPI-U (less energy and food) for March 2021?
",12
"What will be the seasonally adjusted CPI-U (less energy and food) for April 2021?
",16
"What will be the total stock of crude oil and other petroleum products for March 2021?
",12
"What will be the total stock of crude oil and other petroleum products for April 2021?
",12
"For the month of March 2021, what will the US Bureau of Labor Statistics report as the preliminary monthly nonfarm payroll number (in millions)?
",12
"For the month of April 2021, what will the US Bureau of Labor Statistics report as the preliminary monthly nonfarm payroll number (in millions)?
",11
"When will WeRide begin testing their autonomous and fully driverless taxis in California?
",1
"What will be the final asking price of Roblox stock at the end of its first trading day?
",20
"When will Australia reopen for quarantine-free international travel?
",8
"What will be the absolute efficacy of the single-dose Johnson & Johnson Ad26.COV2.S vaccine candidate according to the results of Phase III testing?
",11
"What will the US Q2 2021 GDP growth rate be according to the US Bureau of Economic Analysis Advance Estimate?
",12
"What will be the total world military expenditure in 2021 (in billions USD), as reported by SIPRI?
",11
"When will the single-dose Johnson & Johnson SARS-CoV-2 vaccine be granted emergency use authorization by the US FDA?
",2
"What will the state-of-the-art object detection performance on COCO be, at 2021-06-14 in box Average Precision (box AP)?
",6
"What will the state-of-the-art object detection performance on COCO be, at 2022-01-14 in box average precision (box AP)?
",16
"What will be the 7-day rolling average for Covid-19 vaccines given on March 1st in the United States?
",8
"On what date will the number of people currently hospitalized in the US due to COVID-19 first fall below 30k?
",7
"What will be the total number of new incident deaths due to COVID-19 in the US for the week beginning on 2021-02-21 and ending on 2021-02-27 (inclusive)?
",10
"What will be the total number of new incident U.S. adult and pediatric admissions to the hospital with confirmed COVID-19 for the week beginning on 2021-02-21 and ending on 2021-02-27 (inclusive)?
",5
"What will be the total number of new incident confirmed positive COVID-19 cases in the US beginning on 2021-02-21 and ending on 2021-02-27 (inclusive)?
",4
"When will a SpaceX Starship upper stage successfully land?
",2
"What will be the cumulative number of people who have received one or more doses of a COVID-19 vaccine in the U.S. on 2021-02-28?
",8
"What will be the percent of S:N501 sequences in the U.S. among all positive SARS-CoV-2 samples submitted to the GISAID database of genetic sequences between 2021-03-01 and 2021-03-07 (inclusive)?
",4
"How many variants of concern will be monitored by the US CDC as of  2021–03-07?
",8
"What will be the percent of S:N501 sequences in the U.S. among all positive SARS-CoV-2 samples submitted to the GISAID database of genetic sequences between 2021-03-29 and 2021-04-04 (inclusive)?
",11
"When will the US pass 1 million cumulative deaths from COVID-19?
",14
"When will the 2020 PhilPapers Survey results be publicly available?
",5
"When will 100M people in the US have received at least one dose of COVID vaccine?
",4
"What will be the 7-day rolling average for Covid-19 vaccines given on April 1st in the United States?
",8
"What fraction of hospitalised COVID-19 patients will still experience symptoms after 12 months?
",13
"What will be the 7-day rolling average for Covid-19 vaccines given on May 1st in the United States?
",6
"How many successful test flights will the Mars Helicopter, Ingenuity, complete within 31 days of its first flight attempt?
",20
"What will the monthly unemployment rate for December 2021 be?
",6
"Maximum price of Bitcoin in 2021?
",1
"How many million doses of any COVID19 vaccine will have been administered in the EU on 2021-10-01?
",12
"How many doses of any COVID19 vaccine will have been administered in the EU on 2021-07-01?
",18
"How many doses of any COVID19 vaccine will have been administered in the EU on 2021-04-01?
",13
"How many doses of any COVID19 vaccine will have been administered in Germany on 2021-10-01?
",18
"How many doses of any COVID19 vaccine will have been administered in Germany on 2021-07-01?
",17
"What will be the cumulative number of people who have received one or more doses of a COVID-19 vaccine in the U.S. on 2021-04-30?
",8
"What will be the market capitalization for Astra Space (ASTR) two weeks after going public?
",3
"What will be the market capitalization of Robinhood 2 weeks after going public?
",9
"When will the fifth SpaceX Starship flight be?
",10
"What will be the number of new incident U.S. adult and pediatric admissions to the hospital with confirmed COVID-19 for the week beginning on 2021-03-21 and ending on 2021-03-27 (inclusive)?
",9
"What will be the total number of new incident deaths due to COVID-19 in the US for the week beginning on 2021-03-21 and ending on 2021-03-27 (inclusive)?
",6
"What will be the number of new incident confirmed positive COVID-19 cases in the US beginning on 2021-03-21 and ending on 2021-03-27 (inclusive)?
",5
"What will be the 7-day rolling average of the % B.1.1.7 in the US on 27 March 2021 (between 21 March 2021 and 27 March 2021)?
",10
"How many variants of concern will be monitored by the US CDC as of 4 April?
",13
"What will be the cumulative number of people who receive one or more doses of a COVID-19 vaccine in the US on 2021-03-31?
",12
"What will be the cumulative number of people who receive two doses of a COVID-19 vaccine in the US on 2021-03-31?
",15
"When will the cumulative number of COVID-19 vaccination doses administered per 100 people exceed 50 in The Netherlands?
",2
"What will be the total number of new US building permits issued in April 2021?
",12
"What will be the preliminary value of the US Michigan Consumer Sentiment Index in April 2021?
",15
"What will be the percentage change in the number of US durable goods ordered in April 2021?
",10
"On what date will the New York Times COVID-19 tracker for New York City assess the risk as ""medium""?
",2
"When will 30 Kalshi markets be open to the general public for trading?
",4
"What will be the seasonally adjusted CPI-U (less energy and food) for May 2021?
",15
"What will be the total stock of crude oil and other petroleum products for May 2021?
",12
"For the month of May 2021, what will the US Bureau of Labor Statistics report as the preliminary monthly nonfarm payroll number (in millions)?
",12
"What will be the percentage change in the number of US durable goods ordered in May 2021?
",12
"What will be the preliminary value of the US Michigan Consumer Sentiment Index in May 2021?
",14
"What will be the total number of new US building permits issued in May 2021?
",12
"Short fuse: When will the Suez Canal blockage of March 2021 be cleared?
",4
"How many US southwest land border encounters will be reported by CBP for the month of May?
",19
"How many billions of dollars will hurricanes in 2021 cost the US?
",2
"What will be the percentage change of Australia's seasonally-adjusted Private Sector WPI for Q1 2021?
",6
"What will be the percentage change of Australia's seasonally-adjusted Private Sector WPI for Q2 2021?
",5
"What will be the percentage change of Australia's seasonally-adjusted Private Sector WPI for Q3 2021?
",6
"What will be the percentage change of Australia's seasonally-adjusted Public Sector WPI for Q1 2021?
",4
"What will be the percentage change of Australia's seasonally-adjusted Public Sector WPI for Q2 2021?
",4
"What will be the percentage change of Australia's seasonally-adjusted Public Sector WPI for Q3 2021?
",5
"What will be this question's comment threads h-index?
",13
"When will a SpaceX Starship be intact 24 hours after flying?
",2
"When will there be a verdict in the Derek Chauvin trial?
",5
"World over 1 million COVID daily cases
",20
"When will Apple announce the first computer that uses the second generation of their M-series processor (likely to be named the M2)?
",14
"When will the US-Canada border reopen?
",10
"What will the percent of Virginia's population vaccinated with at least one dose be on 1 August 2021?
",13
"When will the percent of Virginia's population vaccinated with at least one dose reach 75%?
",6
"What will the cumulative vaccination rate ratio for Black Virginians be in July 2021?
",9
"What will the cumulative vaccination rate ratio for Hispanic Virginians be in July 2021?
",10
"What will the cumulative vaccination rate ratio for Asian and Pacific Islander Virginians be in July 2021?
",14
"In Virginia, which month between May 2021 and March 2022 (inclusive) will have the highest number of new COVID-19 cases?
",16
"In Virginia, which month between May 2021 and March 2022 (inclusive) will have the highest number of new COVID-19 hospitalizations?
",16
"In Virginia, which month between May 2021 and March 2022 (inclusive) will have the highest number of new COVID-19 deaths?
",16
"In Virginia, what will be the 7-day moving average of new confirmed and probable cases on 1 August 2021?
",5
"How many of Virginia's 35 Local Health Districts will the UVA Biocomplexity Institute identify as being ""In Surge"" in the slide deck dated 16 June 2021?
",0
"When will Virginia's 6-foot distancing requirement for food and beverage establishments be lifted?
",2
"According to the Virginia Department of Education, how many Virginia school divisions will have ""In Person"" instructional schedules as of 15 September 2021?
",20
"Which age group will have the highest share of Virginia's COVID-19 hospitalizations during the week ending 1 August 2021?
",15
"Which age group will have the highest share of Virginia's new COVID-19 cases during the week ending 1 August 2021?
",5
"In Virginia, what will be the 7-day moving average of new COVID-19 testing encounters on 1 August 2021?
",7
"In Virginia, what will be the 7-day moving average of new COVID-19 testing encounters on 1 October 2021?
",12
"What will be the number of new incident U.S. adult and pediatric admissions to the hospital with confirmed COVID-19 for the week beginning on 2021-05-30 and ending on 2021-06-05 (inclusive)?
",6
"What will be the total number of new incident deaths due to COVID-19 in the US for the week beginning on 2021-05-30 and ending on 2021-06-05 (inclusive)?
",8
"What will be the number of new incident confirmed positive COVID-19 cases in the US beginning on 2021-05-30 and ending on 2021-06-05 (inclusive)?
",3
"What will be the cumulative number of people who receive one or more doses of a COVID-19 vaccine in the US on 2021-05-31?
",12
"What will be the cumulative number of people who are fully vaccinated against COVID-19 in the US on 2021-05-31?
",11
"What will be the cumulative number of deaths in the US due to COVID-19 on 2021-12-31?
",10
"What will be the % prevalence of SARS-CoV-2 variants thought to partially escape immunity for the two-week period 23 May - 05 June 2021?
",5
"What will be the price of gas on Ethereum one week after EIP-1559?
",10
"What will be the total number of new US building permits issued in June 2021?
",11
"What will be the preliminary value of the US Michigan Consumer Sentiment Index in June 2021?
",13
"What will be the percentage change in the number of US durable goods ordered in June 2021?
",11
"For the month of June 2021, what will the US Bureau of Labor Statistics report as the preliminary monthly nonfarm payroll number (in millions)?
",12
"What will be the EIA crude oil stock change for commercial crude oil inventories in June 2021?
",9
"What will be the seasonally adjusted CPI-U (with food and energy) for June 2021?
",15
"What will be the % change in the Industrial Production Index for June 2021?
",11
"What will the total retail sales including food services be for June 2021?
",9
"What will be the 4-week average of initial jobless claims (in thousands) filed in June 2021?
",4
"How much interest will the 2021 US Government report on UAPs generate?
",3
"When will Sabaton release their tenth album?
",17
"What will be the 4-week average of initial jobless claims filed in May 2021?
",5
"When Forbes calculates the highest FY2021 earnings for these 13 celebrities, how much will be earned by the highest earner (in millions of USD)?
",12
"When will Taiwan reduce COVID restrictions from Level 3 to Level 2?
",14
"When will the James Webb telescope be launched?
",1
"What will be the number of new incident U.S. adult and pediatric admissions to the hospital with confirmed COVID-19 for the week beginning on 2021-06-27 and ending on 2021-07-03 (inclusive)?
",8
"What will be the total number of new incident deaths due to COVID-19 in the US for the week beginning on 2021-06-27 and ending on 2021-07-03 (inclusive)?
",7
"What will be the number of new incident confirmed positive COVID-19 cases in the US beginning on 2021-06-27 and ending on 2021-07-03 (inclusive)?
",7
"What will be the cumulative number of people who receive one or more doses of a COVID-19 vaccine in the US on 2021-06-30?
",9
"What will be the cumulative number of people who are fully vaccinated against COVID-19 in the US on 2021-06-30?
",10
"What will be the cumulative number of deaths in the US due to COVID-19 on 2021-12-31?
",8
"What will be the prevalence of SARS-CoV-2 variants thought to partially escape immunity for the two-week period 20 June - 03 July 2021?
",2
"If a minimum corporate tax law is approved at the G20 Conference in July, what will be the minimum corporate tax level applied to all G20 countries?
",8
"Short Fuse: How much will the winning bidder pay to go to space with Jeff Bezos?
",16
"What will be the 4-week average of initial jobless claims (in thousands) filed in July 2021?
",4
"What will the total retail sales including food services be for July 2021?
",11
"What will be the % change in the Industrial Production Index for July 2021?
",12
"What will be the seasonally adjusted CPI-U (with food and energy) for July 2021?
",13
"What will be the EIA crude oil stock change for commercial crude oil inventories in July 2021?
",8
"For the month of July 2021, what will the US Bureau of Labor Statistics report as the preliminary monthly non-farm payroll number (in millions)?
",12
"What will be the percentage change in the number of US durable goods ordered in July 2021?
",10
"What will be the preliminary value of the US Michigan Consumer Sentiment Index in July 2021?
",11
"What will be the total number of new US building permits issued in July 2021?
",11
"What will be the 4-week average of initial jobless claims (in thousands) filed in August 2021?
",4
"What will the total retail sales including food services be for August 2021?
",11
"What will be the % change in the Industrial Production Index for August 2021?
",11
"What will be the seasonally adjusted CPI-U (with food and energy) for August 2021?
",12
"What will be the EIA crude oil stock change for commercial crude oil inventories in August 2021?
",10
"For the month of August 2021, what will the US Bureau of Labor Statistics report as the preliminary monthly non-farm payroll number (in millions)?
",11
"What will be the percentage change in the number of US durable goods ordered in August 2021?
",12
"What will be the preliminary value of the US Michigan Consumer Sentiment Index in August 2021?
",7
"What will be the total number of new US building permits issued in August 2021?
",12
"What will be the 4-week average of initial jobless claims (in thousands) filed in September 2021?
",4
"What will the total retail sales including food services be for September 2021?
",12
"What will be the % change in the Industrial Production Index for September 2021?
",8
"What will be the seasonally adjusted CPI-U (with food and energy) for September 2021?
",12
"What will be the EIA crude oil stock change for commercial crude oil inventories in September 2021?
",9
"For the month of September 2021, what will the US Bureau of Labor Statistics report as the preliminary monthly non-farm payroll number (in millions)?
",11
"What will be the preliminary value of the US Michigan Consumer Sentiment Index in September 2021?
",7
"What will be the total number of new US building permits issued in September 2021?
",11
"What will the US Q3 2021 GDP growth rate be according to the US Bureau of Economic Analysis Advance Estimate?
",9
"What will the VIX Index be on July's Non-Farm Payroll release date after closing?
",5
"What will be the lowest closing value for the E-Mini S&P 500 Future Continuous Contract in September?
",11
"What will be the percentage change in the number of US durable goods ordered in September 2021?
",10
"When will the U.S. lift its Presidential Proclamation restricting travel from the U.K.?
",15
"How big will the Trade Signal Tournament prize pool be on 2021-09-30?
",10
"[Short-Fuse] What proportion of last-round votes will Eric Adams get in the 2021 New York mayoral primary election?
",13
"[Short fuse] How many new coronavirus cases will the United States report for the week ending August 14th?
",17
"When will Singapore reopen for quarantine-free international travel?
",14
"When will another SARS-CoV-2 variant overtake Delta as the dominant variant in Virginia?
",6
"What will be official attendance at the 2021 University of Virginia vs Virginia Tech football game?
",16
"When will a SARS-CoV-2 vaccine be granted emergency use authorization by the U.S. FDA for children under 12 years old?
",5
"When will a SARS-CoV-2 vaccine receive full BLA approval by the U.S. FDA?
",3
"When will the U.S. CDC recommend that at least some fully vaccinated Americans receive a booster dose?
",2
"When will the U.S. CDC recommend that all fully vaccinated Americans receive a booster dose?
",17
"According to COVIDcast survey results reported by the UVA Biocomplexity Institute on 1 October 2021, what percentage of Virginians will be “vaccine accepting”?
",16
"What percentage of Virginia's overall population will be fully vaccinated against SARS-CoV-2 on 1 October 2021?
",3
"What percentage of Virginia’s 18-24 age group will be fully vaccinated against SARS-CoV-2 by 1 October 2021?
",5
"What percentage of Virginia’s 12-15 age group will be fully vaccinated against SARS-CoV-2 by 1 October 2021?
",6
"What will be the weekly peak percent of medical visits that are for influenza-like illness (ILI) in Virginia during the 2021-2022 flu season?
",5
"What will be Virginia’s peak 7-day moving average of new confirmed and probable cases before 1 October 2021?
",13
"When will Virginia’s pre-October peak 7-day moving average of new confirmed and probable cases occur?
",15
"What will be Virginia’s peak 7-day moving average of new confirmed and probable hospitalizations before 1 October 2021?
",10
"When will Virginia’s pre-October peak 7-day moving average of new confirmed and probable hospitalizations occur?
",14
"What will be Virginia’s peak 7-day moving average of new confirmed and probable deaths before 1 October 2021?
",10
"When will Virginia’s pre-October peak 7-day moving average of new confirmed and probable deaths occur?
",17
"How many of Virginia’s four-year public institutions will require that students get a COVID vaccine for the 2021-2022 academic year?
",19
"What will the Womens winning 200m time in the 2020 Olympic Final be?
",4
"What will be the 7-day moving average of vaccine doses administered in Virginia on 21 August?
",11
"What will be the 7-day moving average of the percentage of people wearing masks in Virginia on 21 August?
",12
"What will be the 7-day moving average of current confirmed+pending COVID-19 hospitalizations on 21 August?
",10
"What will be the 7-day moving average of percent positivity by lab report date in Virginia on 21 August?
",7
"What will be the case-to-hospitalization rate in Virginia on 21 August?
",2
"What will be percentage of population will indicate they are ""vaccine accepting"" in Virginia on 21 August?
",16
"How many of Virginia's 35 local health districts will be described as being ""in surge"" in UVA modeling slides dated 20 August?
",19
"When will the Taliban take Kabul?
",1
"How many southwest land border encounters will be reported by CBP for the months of August to December 2021?
",10
"How many members will the next Bundestag have?
",5
"How many of Virginia's 35 local health districts will be described as being ""in surge"" in UVA modeling slides dated 27 August?
",19
"What will be the percentage of population will indicate they are ""vaccine accepting"" in Virginia on 28 August?
",15
"What will be the case-to-hospitalization rate in Virginia on 28 August?
",2
"What will be the 7-day moving average of percent positivity by lab report date in Virginia on 28 August?
",7
"What will be the 7-day moving average of current confirmed+pending COVID-19 hospitalizations on 28 August?
",12
"What will be the 7-day moving average of the percentage of people wearing masks in Virginia on 28 August?
",13
"What will be the 7-day moving average of vaccine doses administered in Virginia on 28 August?
",11
"When will Australia reach its 80% (of 16+ population) Covid-19 vaccination target?
",2
"When will airplane travelers be free from mask mandates in the USA?
",1
"What will be the 7-day moving average of vaccine doses administered in Virginia on 18 September?
",10
"What will be the 7-day moving average of the percentage of people wearing masks in Virginia on 11 September?
",14
"What will be the 7-day moving average of current confirmed+pending COVID-19 hospitalizations on 11 September?
",17
"What will be the 7-day moving average of percent positivity by lab report date in Virginia on 11 September?
",7
"What will be the number of K-12 outbreaks in Virginia for the week of  9/5-9/11?
",12
"How many of Virginia's 35 local health districts will be described as being ""in surge"" in UVA modeling slides posted on 10 September?
",15
"What percentage of 5-11 year olds in Virginia will have received at least one dose of COVID-19 vaccine by end of 2021?
",7
"How many UC Berkeley undergraduates will test positive for covid this semester?
",10
"What will be the number of K-12 outbreaks in Virginia for the week of  9/12-9/18?
",10
"What percentage of  Virginians will have received a booster dose for COVID-19 vaccine by end of 2021?
",5
"What will be the 7-day moving average of vaccine doses administered in Virginia on 25 September?
",8
"How many of Virginia's 35 local health districts will be described as being ""in surge"" in UVA modeling slides posted on 17 September?
",7
"What will be the 7-day moving average of current confirmed+pending COVID-19 hospitalizations on 18 September?
",13
"What will be the 7-day moving average of the percentage of people wearing masks in Virginia on 18 September?
",14
"What will be the 7-day moving average of PCR percent positivity by lab report date in Virginia on 18 September?
",7
"How many billions of dollars will wildfires in the US in 2021 cost?
",5
"How many Virginians (thousands) will be employed in leisure and hospitality services in December 2021?
",13
"What will be the total number of confirmed COVID-19 deaths in Australia by the end of 2021?
",5
"When, if ever, will Solana exceed Cardano in market cap?
",1
"How many at-risk Nigerian states will experience Islamic State attacks in the next six months?
",3
"When will the next German government be formed?
",9
"In the 2021 Virginia gubernatorial election, what will be the percentage difference of the vote for McAuliffe over Youngkin?
",9
"When will the escaped Maryland Zebras be caught?
",5
"When will COVID booster doses be available to all adults in the UK?
",6
"What will be the UK’s peak 7-day moving average of current COVID hospitalizations before 1 March 2022?
",18
"When will the UK’s pre-March 2022 peak 7-day moving average of current COVID hospitalizations occur?
",13
"When will Paxlovid be given an EUA from the FDA?
",9
"What will be the 7-day moving average of daily new reported cases in Virginia on the 26th of November, 2021?
",8
"What will be the 7-day moving average of daily new reported cases in Virginia on the 10th of December, 2021?
",9
"What will be the percentage of the population vaccinated with at least one dose of COVID-19 vaccine in Virginia on December 10th, 2021?
",4
"What will be the percentage of the fully vaccinated population with booster/third dose of COVID-19 vaccine in Virginia on December 10th, 2021?
",12
"What will be the percentage of the 5-11 year olds vaccinated with at least one dose of COVID-19 vaccine in Virginia on December 10th, 2021?
",8
"What will be the lowest 7-day average number of daily new cases reported in Virginia between November 12th, 2021 and February 4th, 2022?
",13
"When will the lowest 7-day average number of daily new cases be reported in Virginia between November 12th, 2021 and February 4th, 2022?
",2
"When will the highest 7-day average number of daily new cases be reported in Virginia between November 12th, 2021 and February 4th, 2022?
",16
"What will Rivian's market cap be at the close of trading on 20 April 2022?
",1
"What percentage of Virginia’s population will have received a booster dose as of 4 January 2022?
",5
"When will the OSHA vaccine-or-test emergency temporary standard for private employers with 100+ employees take effect?
",1
"When will the FDA authorize an oral antiviral treatment for SARS-CoV-2?
",4
"How many of Virginia's 35 local health districts will be described as being ""in surge"" in UVA modeling slides posted 14 January 2022?
",20
"What will the average travel nurse salary in Virginia be for the 90-day period ending 31 March 2022?
",11
"What will be the 7-day moving average of the percentage of people wearing masks in Virginia on 14 January 2022?
",15
"What will be the percentage of the population in Virginia indicating they are ""vaccine accepting"" on 14 January 2022?
",18
"When will Virginia's statewide mask mandate for K-12 schools be rescinded?
",8
"What percentage of Virginians will have received a booster dose as of 4 May 2022?
",8
"How many emergency department overdose visits will there be in Q1 2022 in Virginia?
",11
"When will Virginia’s pre-May 2022 peak weekly total of new confirmed and probable cases occur?
",6
"When will Virginia’s pre-May 2022 peak weekly total of new confirmed and probable hospitalizations occur?
",6
"How many of Virginia's 133 communities will be experiencing moderate or higher levels of community transmission as of 7 March 2022?
",20
"When will total nonfarm employees in Virginia exceed 4 million?
",11
"How many Virginians (thousands) will be employed in leisure and hospitality services in April 2022?
",15
"What will Virginia's percent unemployment rate be in April 2022?
",3
"When will Omicron become the predominant SARS-CoV-2 variant in the U.S.?
",3
"[Short-fuse] What will the % per-day growth rate advantage of Omicron relative to Delta be based on information available as of 23 December?
",12
"What percentage of the US will be at least partially vaccinated against COVID-19 on March 1, 2022?
",5
"What will be the percentage of the fully vaccinated population with booster/third dose of COVID-19 vaccine in Virginia on December 31st, 2021?
",11
"What will be the lowest 7-day average number of daily new cases reported in Virginia between December 3rd, 2021 and February 25th, 2022?
",19
"What will be the percentage of the 5-11 year olds vaccinated with at least one dose of COVID-19 vaccine in Virginia on December 31st, 2021?
",6
"What will be the 7-day moving average of daily new reported cases in Virginia on the 17th of December, 2021?
",14
"What will be the percentage of the population vaccinated with at least one dose of COVID-19 vaccine in Virginia on December 31st, 2021?
",5
"When will the lowest 7-day average number of daily new cases be reported in Virginia between December 3rd, 2021 and February 25th, 2022?
",1
"When will the highest 7-day average number of daily new cases be reported in Virginia between December 3rd, 2021 and February 25th, 2022?
",10
"What will be the UK’s peak 7-day moving average of COVID hospital admissions for the winter of 2021-2022?
",6
"When will be the UK’s peak 7-day moving average of COVID hospital admissions for the winter of 2021-2022?
",4
"What will be the USA’s peak 7-day moving average of COVID hospital admissions for the winter of 2021-2022?
",15
"When will be the USA’s peak 7-day moving average of COVID hospital admissions for the winter of 2021-2022?
",8
"What will be the maximum 7 day weekly average of COVID cases in the US between January 1, 2022 to April 1, 2022?
",19
"What will be the maximum 7 day weekly average of COVID deaths in the US before 2022 April 1?
",15
"What will be the 7-day moving average of daily new reported cases in Virginia on the 21st of January, 2022?
",20
"What will be the 7-day moving average of daily new reported cases in Virginia on the 18th of February, 2022?
",4
"What will be the percentage of the fully vaccinated population with booster/third dose of COVID-19 vaccine in Virginia on January 21st, 2022?
",9
"What will be the percentage of the population vaccinated with at least one dose of COVID-19 vaccine in Virginia on January 21st, 2022?
",4
"What will be the percentage of the 5-11 year olds vaccinated with at least one dose of COVID-19 vaccine in Virginia on January 21st, 2022?
",9
"What will be the highest 7-day average number of daily new cases reported in Virginia between December 24th, 2021 and March 18th, 2022?
",13
"When will the highest 7-day average number of daily new cases be reported in Virginia between December 24th, 2021 and March 18th, 2022?
",5
"What will be the lowest 7-day average number of daily new cases reported in Virginia between December 24th, 2021 and March 18th, 2022?
",4
"When will the lowest 7-day average number of daily new cases be reported in Virginia between December 24th, 2021 and March 18th, 2022?
",20
"What will be the reported number of 7-day average new Covid-19 cases in Mainland China on 2022-02-28?
",1
"What will be the 7-day moving average of daily new reported cases in Virginia on the 28th of January, 2022?
",8
"What will be the 7-day moving average of daily new reported cases in Virginia on the 11th of February, 2022?
",3
"What will be the percentage of the fully vaccinated population with booster/third dose of COVID-19 vaccine in Virginia on February 11th, 2022?
",8
"What will be the percentage of the fully vaccinated population with booster/third dose of COVID-19 vaccine in Virginia on March 11th, 2022?
",8
"When will the lowest 7-day average number of daily new cases be reported in Virginia between January 14th, 2022 and April 8th, 2022?
",19
"What will be the lowest 7-day average number of daily new cases reported in Virginia between January 14th, 2022 and April 8th, 2022?
",1
"What will be the highest 7-day average number of daily new cases reported in Virginia between January 14th, 2022 and April 8th, 2022?
",5
"When will the highest 7-day average number of daily new cases be reported in Virginia between January 14th, 2022 and April 8th, 2022?
",1
"What will be the 7-day moving average of current confirmed+pending COVID-19 hospitalizations in Virginia on Jan 28, 2022?
",6
"What will be the 7-day moving average of current confirmed+pending COVID-19 hospitalizations in Virginia on Feb 11, 2022?
",4
"When will airplane travelers be free from mask mandates in the USA?
",1
"What will be Virginia’s weekly peak of new confirmed and probable cases before 1 May 2022?
",18
"What will be the percentage of the fully vaccinated population with booster/third dose of COVID-19 vaccine in Virginia on March 4th, 2022?
",8
"What will be the 7-day moving average of daily new reported cases in Virginia on the 18th of February, 2022?
",2
"What will be the 7-day moving average of current confirmed+pending COVID-19 hospitalizations in Virginia on Feb 18, 2022?
",5
"What will be the percentage of the fully vaccinated population with booster/third dose of COVID-19 vaccine in Virginia on April 1st, 2022?
",9
"What will be the 7-day moving average of daily new reported cases in Virginia on the 4th of March, 2022?
",1
"What will be the lowest 7-day average number of daily new cases reported in Virginia between February 4th, 2022 and April 29th, 2022?
",1
"What will be the 7-day moving average of current confirmed+pending COVID-19 hospitalizations in Virginia on Mar 4, 2022?
",3
"When will the lowest 7-day average number of daily new cases be reported in Virginia between February 4th, 2022 and April 29th, 2022?
",14
"When will the highest 7-day average number of daily new cases be reported in Virginia between February 4th, 2022 and April 29th, 2022?
",1
"What will be the highest 7-day average number of daily new cases reported in Virginia between February 4th, 2022 and April 29th, 2022?
",2
"If Russia invades Ukraine in 2022, when will the invasion be acknowledged by Russia or the UN?
",2
"In the 2021 AIMS survey, what percentage of US adults agreed with the statement, “I support a global ban on the development of sentience in robots/AIs.”?
",12
"In the 2021 AIMS survey, what percentage of US adults agreed with the statement, “I support granting legal rights to sentient robots/AIs.”?
",8
"In the 2021 AIMS survey, what percentage of US adults agreed with the statement, “The welfare of robots/AIs is one of the most important social issues in the world today.”?
",7
"In the 2021 AIMS survey, what percentage of US adults agreed with the statement, ""Robots/AIs may be harmful to future generations of people.""?
",14
"AIMS 2021 survey: Possibility of AI sentience
",7
"What will be Putin's approval rating value 3 months after the potential invasion of Ukraine?
",16
"What will be the 7-day moving average of daily new reported cases in Virginia on the 11th of March, 2022?
",2
"What will be the 7-day moving average of daily new reported cases in Virginia on the 25th of March, 2022?
",2
"What will be the 7-day moving average of current confirmed+pending COVID-19 hospitalizations in Virginia on March 11, 2022?
",4
"What will be the 7-day moving average of current confirmed+pending COVID-19 hospitalizations in Virginia on Mar 25, 2022?
",2
"What will be the percentage of the fully vaccinated population with booster/third dose of COVID-19 vaccine in Virginia on March 25th, 2022?
",7
"What will be the percentage of the fully vaccinated population with booster/third dose of COVID-19 vaccine in Virginia on April 22nd, 2022?
",6
"When will the lowest 7-day average number of daily new cases be reported in Virginia between February 25th, 2022 and May 20th, 2022?
",9
"What will be the lowest 7-day average number of daily new cases reported in Virginia between February 25th, 2022 and May 20th, 2022?
",3
"When will the highest 7-day average number of daily new cases be reported in Virginia between February 25th, 2022 and May 20th, 2022?
",20
"What will be the highest 7-day average number of daily new cases reported in Virginia between February 25th, 2022 and May 20th, 2022?
",3
"How many civilian casualties of the Russo-Ukrainian War will there be before May 2022?
",8
"What will be the 7-day moving average of daily new reported cases in Virginia on the 1st of April, 2022?
",1
"What will be the 7-day moving average of current confirmed+pending COVID-19 hospitalizations in Virginia on April 1, 2022?
",2
"What will be the 7-day moving average of daily new reported cases in Virginia on the 15th of April, 2022?
",2
"What will be the highest 7-day average number of daily new cases reported in Virginia between March 18th, 2022 and June 10th, 2022?
",3
"When will the highest 7-day average number of daily new cases be reported in Virginia between March 18th, 2022 and June 10th, 2022?
",16
"What will be the lowest 7-day average number of daily new cases reported in Virginia between March 18th, 2022 and June 10th, 2022?
",3
"When will the lowest 7-day average number of daily new cases be reported in Virginia between March 18th, 2022 and June 10th, 2022?
",4
"What will be the percentage of ED visits with COVID-Like Illness (CLI) symptoms in Virginia for the week ending April 2nd, 2022?
",2
"What will be the percentage of ED visits with COVID-Like Illness (CLI) symptoms in Virginia for the week ending April 16th, 2022?
",2
"What will be the 7-day average of % people wearing masks most or all of the time in public in Virginia on April 15th, 2022?
",8
"How many Virginia counties will have their COVID-19 Community Level classified as 'High' as of April 14th update?
",0
"What will be the 7-day moving average of daily new reported cases in Virginia on the 22nd of April, 2022?
",2
"What will be the 7-day moving average of daily new reported cases in Virginia on the 6th of May, 2022?
",3
"What will be the 7-day moving average of current confirmed COVID-19 hospitalizations in Virginia on May 6, 2022?
",10
"What will be the 7-day moving average of daily new reported cases in Virginia on May 13, 2022?
",4
"What will be the 7-day moving average of daily new reported cases in Virginia on May 27, 2022?
",5
"What will be the 7-day moving average of current confirmed COVID-19 hospitalizations in Virginia on May 13, 2022?
",2
"What will be the 7-day moving average of current confirmed COVID-19 hospitalizations in Virginia on May 27, 2022?
",3
"[Short Fuse] How much money will be awarded to Johnny Depp in his defamation suit against his ex-wife Amber Heard?
",11
